,brand,processor_brand,processor_name,processor_gnrtn,ram_gb,ssd,hdd,graphic_card_gb,warranty,Touchscreen,Price,rating
0,0,0,0,10,4,0,1024,0 GB,0,0,34649,2 stars
1,1,0,0,10,4,0,1024,0 GB,0,0,38999,3 stars
2,1,0,0,10,4,0,1024,0 GB,0,0,39999,3 stars
3,0,0,1,10,8,512,0,2 GB,0,0,69990,3 stars
4,0,0,2,99,4,0,512,0 GB,0,0,26990,3 stars
5,0,0,2,99,4,0,512,0 GB,0,0,22990,3 stars
6,0,0,2,99,4,0,512,0 GB,0,0,21990,3 stars
7,0,0,1,10,8,0,1024,2 GB,0,0,58799,3 stars
8,1,0,1,10,4,0,1024,0 GB,0,0,49999,3 stars
9,2,1,3,10,4,0,512,4 GB,0,0,59990,4 stars
10,2,1,3,10,4,0,512,6 GB,0,0,93700,4 stars
11,2,1,3,10,4,0,512,4 GB,0,0,72990,4 stars
12,3,0,2,99,4,0,512,0 GB,0,0,17490,3 stars
14,0,0,0,11,4,256,0,0 GB,0,0,35990,3 stars
15,4,0,0,11,8,256,0,0 GB,1,1,56490,3 stars
16,4,0,1,11,8,256,0,0 GB,1,0,65390,3 stars
17,1,0,2,99,4,256,0,0 GB,0,0,31999,4 stars
18,4,0,2,99,8,256,0,0 GB,0,0,32490,4 stars
19,1,0,2,99,4,256,0,0 GB,0,0,31799,3 stars
20,0,0,2,99,4,256,0,0 GB,0,0,29890,4 stars
21,0,0,2,99,4,0,1024,0 GB,1,0,23990,3 stars
22,4,0,0,7,4,0,1024,0 GB,0,0,32955,4 stars
23,4,0,1,7,4,0,1024,2 GB,0,0,46200,4 stars
24,0,0,0,11,4,256,0,0 GB,0,0,34429,4 stars
25,1,0,0,10,8,256,0,0 GB,2,0,37990,4 stars
26,0,0,0,11,4,256,0,0 GB,1,0,35990,4 stars
27,0,0,0,10,8,256,0,0 GB,0,0,33980,4 stars
28,4,0,0,11,8,256,0,0 GB,1,0,39990,4 stars
29,5,0,0,10,8,256,0,0 GB,1,0,39490,4 stars
30,4,0,0,11,8,256,0,0 GB,1,1,53990,4 stars
31,2,0,0,11,8,256,0,0 GB,1,0,38990,3 stars
32,0,0,0,11,8,256,0,0 GB,1,0,37990,4 stars
33,0,0,0,11,8,256,0,0 GB,1,0,37890,4 stars
34,1,0,0,11,8,256,0,0 GB,1,0,38990,4 stars
35,1,0,0,10,8,256,0,0 GB,0,0,37990,4 stars
36,5,0,0,11,8,256,0,0 GB,1,0,41990,3 stars
37,0,0,0,11,8,256,0,0 GB,1,0,45990,4 stars
38,1,0,0,11,8,256,0,0 GB,1,0,39990,4 stars
39,5,0,0,11,8,256,0,0 GB,0,0,42490,4 stars
40,5,0,0,10,4,256,0,0 GB,1,0,36990,4 stars
41,1,0,0,11,8,256,0,0 GB,1,1,53990,4 stars
42,0,0,0,11,8,256,0,0 GB,0,0,36990,4 stars
43,1,0,0,10,4,256,0,0 GB,2,0,38940,4 stars
44,5,0,0,10,4,256,0,0 GB,1,0,39490,4 stars
46,1,0,0,10,8,256,0,0 GB,2,0,39999,5 stars
47,5,0,0,11,8,256,0,0 GB,1,0,42990,4 stars
48,5,0,0,11,8,256,0,0 GB,1,1,49990,4 stars
49,5,0,0,11,8,256,0,0 GB,1,0,41490,4 stars
50,5,0,0,11,8,256,0,0 GB,0,0,41990,4 stars
51,1,0,0,11,8,256,0,0 GB,1,0,41990,4 stars
52,0,0,0,11,8,256,0,0 GB,1,0,38490,3 stars
53,1,0,0,11,4,256,0,0 GB,1,0,38990,4 stars
54,1,0,0,11,4,256,0,0 GB,1,0,44990,4 stars
55,1,0,0,10,4,256,0,0 GB,0,0,36490,3 stars
56,1,0,0,10,8,256,0,0 GB,0,0,38970,3 stars
57,4,0,0,11,4,256,0,0 GB,1,0,44900,4 stars
58,6,0,0,10,4,256,0,0 GB,0,0,38990,4 stars
59,5,0,0,11,4,256,0,0 GB,0,0,44427,3 stars
60,0,0,0,10,4,256,0,0 GB,1,0,35990,3 stars
61,1,0,0,10,4,256,0,0 GB,1,0,40200,3 stars
62,1,0,0,10,4,256,0,0 GB,0,0,40990,3 stars
63,5,0,0,10,4,256,0,0 GB,1,0,42490,3 stars
64,2,0,2,99,4,0,512,0 GB,0,0,23990,3 stars
65,5,0,0,11,4,256,0,0 GB,0,1,71999,4 stars
66,0,0,0,11,4,256,0,0 GB,1,0,39990,4 stars
67,1,0,0,10,4,256,0,0 GB,1,0,41998,4 stars
68,0,0,0,11,4,256,0,0 GB,0,0,41990,3 stars
69,1,0,0,10,4,256,0,0 GB,2,0,39999,3 stars
70,0,0,0,10,4,256,0,0 GB,0,0,39990,3 stars
71,1,0,0,11,4,256,0,0 GB,0,0,39998,4 stars
72,4,0,0,11,4,256,0,0 GB,1,0,42490,4 stars
73,1,0,0,10,4,256,0,0 GB,0,0,41990,3 stars
74,0,0,0,11,4,256,0,0 GB,0,0,48490,3 stars
75,4,0,0,11,4,256,0,0 GB,1,0,44376,4 stars
76,5,0,0,11,4,256,0,0 GB,0,0,43900,3 stars
77,5,0,0,11,4,256,0,0 GB,1,0,46690,3 stars
78,1,0,0,10,4,256,0,0 GB,0,0,40990,5 stars
79,5,0,0,10,4,256,0,0 GB,1,0,39990,4 stars
80,1,0,0,11,4,256,0,0 GB,0,0,43990,3 stars
81,0,0,0,11,4,256,0,0 GB,1,0,36990,4 stars
82,5,0,0,11,8,256,0,0 GB,1,0,48500,3 stars
83,0,0,0,11,8,256,0,0 GB,0,0,48990,3 stars
84,0,0,2,99,4,0,512,0 GB,0,0,23490,4 stars
85,4,0,0,8,4,256,0,0 GB,1,1,54238,4 stars
86,0,0,0,10,8,512,0,0 GB,1,0,37990,4 stars
87,4,0,0,11,8,512,0,0 GB,1,0,42990,4 stars
88,4,0,0,11,8,512,0,0 GB,1,0,42990,4 stars
89,0,0,0,10,4,512,0,0 GB,1,0,35990,4 stars
90,0,0,0,11,8,512,0,0 GB,1,0,42990,4 stars
91,0,0,0,11,8,512,0,0 GB,1,1,51990,4 stars
92,0,0,0,11,8,512,0,0 GB,1,0,48990,4 stars
93,0,0,0,11,8,512,0,0 GB,1,0,42990,4 stars
94,1,0,0,10,8,512,0,0 GB,1,0,38990,3 stars
95,5,0,0,11,8,512,0,0 GB,0,0,45990,4 stars
96,4,0,0,10,8,512,0,0 GB,1,0,42490,4 stars
97,4,0,0,11,8,512,0,0 GB,1,0,43970,4 stars
98,0,0,0,10,4,512,0,0 GB,1,0,39990,4 stars
99,6,0,0,11,8,512,0,0 GB,0,0,48990,4 stars
100,4,0,0,11,8,512,0,0 GB,1,0,54990,4 stars
101,6,0,0,10,8,512,0,0 GB,0,0,40990,4 stars
102,0,0,0,11,8,512,0,0 GB,1,0,41990,3 stars
103,1,0,0,11,8,512,0,0 GB,1,1,54990,4 stars
104,0,0,0,11,8,512,0,0 GB,1,0,44990,4 stars
105,4,0,0,11,8,512,0,0 GB,1,0,41250,4 stars
106,4,0,0,11,8,512,0,0 GB,0,0,44990,3 stars
107,0,0,0,11,8,512,0,0 GB,1,0,42990,4 stars
108,5,0,0,11,8,512,0,0 GB,1,1,60790,4 stars
109,4,0,0,11,8,512,0,0 GB,0,0,45650,4 stars
110,5,0,0,10,8,512,0,0 GB,1,0,41990,3 stars
111,5,0,0,10,8,512,0,0 GB,1,0,45490,4 stars
112,0,0,0,11,8,512,0,0 GB,1,0,44990,3 stars
113,1,0,0,11,8,512,0,0 GB,2,0,42990,4 stars
114,4,0,0,11,4,512,0,0 GB,1,0,45490,4 stars
115,4,0,0,10,4,512,0,0 GB,0,0,38799,4 stars
116,4,0,0,11,4,512,0,0 GB,1,1,69267,3 stars
117,0,0,0,11,4,512,0,0 GB,1,0,51649,3 stars
118,4,0,0,11,4,512,0,0 GB,1,0,47990,4 stars
119,0,0,0,10,4,512,0,0 GB,1,0,40990,4 stars
120,0,0,0,10,4,512,0,0 GB,1,0,42990,4 stars
121,0,0,0,11,4,512,0,0 GB,1,0,44890,3 stars
122,0,0,0,10,4,512,0,0 GB,1,0,41490,4 stars
123,4,0,0,11,4,512,0,0 GB,1,0,50990,3 stars
124,4,0,0,11,4,512,0,0 GB,1,0,48900,4 stars
126,5,0,0,10,4,512,0,0 GB,0,0,41790,3 stars
127,1,0,0,11,4,512,0,0 GB,1,1,57999,3 stars
128,5,0,0,11,8,512,0,0 GB,0,0,45930,3 stars
129,4,0,0,11,8,512,0,0 GB,1,1,55490,4 stars
130,0,0,0,10,8,0,1024,0 GB,1,0,32890,3 stars
131,1,0,0,10,8,0,1024,0 GB,1,0,35990,4 stars
132,5,0,0,11,8,0,1024,0 GB,0,0,42490,4 stars
133,5,0,0,11,8,0,1024,0 GB,0,0,42190,3 stars
134,5,0,0,10,8,0,1024,0 GB,1,0,39490,4 stars
135,4,0,0,11,8,0,1024,0 GB,1,0,43690,4 stars
136,0,0,0,10,4,0,1024,0 GB,1,0,35990,3 stars
137,5,0,0,11,8,0,1024,0 GB,0,0,43800,4 stars
138,1,0,0,10,8,0,1024,0 GB,0,0,38990,3 stars
139,0,0,0,10,4,0,1024,0 GB,1,0,34990,3 stars
140,0,0,0,11,8,0,1024,0 GB,1,0,38900,3 stars
141,5,0,0,10,4,0,1024,0 GB,1,0,39990,3 stars
142,5,0,0,10,4,0,1024,0 GB,0,0,40890,4 stars
143,1,0,0,10,4,0,1024,0 GB,1,0,36990,3 stars
144,4,0,0,11,4,0,1024,0 GB,1,0,39990,3 stars
145,4,0,0,11,4,0,1024,0 GB,1,0,41990,4 stars
146,5,0,0,11,4,0,1024,0 GB,0,0,43970,3 stars
147,4,0,0,11,4,0,1024,0 GB,1,0,39790,3 stars
148,0,0,0,10,4,0,1024,0 GB,0,0,35590,3 stars
149,4,0,0,10,4,0,1024,0 GB,1,0,36490,3 stars
150,0,0,0,10,4,0,1024,0 GB,1,0,38990,4 stars
151,0,0,0,10,4,0,1024,0 GB,0,0,33990,3 stars
152,5,0,0,10,4,0,1024,0 GB,1,0,43400,4 stars
153,0,0,2,99,4,0,512,0 GB,0,0,24990,4 stars
154,4,0,0,10,4,0,1024,0 GB,1,0,40750,4 stars
155,5,0,0,10,4,0,1024,0 GB,1,0,43000,4 stars
156,0,0,0,10,4,0,1024,0 GB,0,0,38000,4 stars
157,5,0,0,11,8,0,1024,0 GB,1,0,37990,3 stars
158,4,0,0,7,8,0,1024,2 GB,0,0,49279,4 stars
159,1,0,0,10,8,0,1024,0 GB,0,0,38999,3 stars
160,0,0,0,11,8,0,1024,0 GB,0,0,41500,3 stars
161,2,0,0,11,4,0,1024,0 GB,0,0,36999,3 stars
162,5,0,0,11,8,0,1024,0 GB,0,0,42900,3 stars
163,0,0,2,99,4,0,512,0 GB,0,0,21490,3 stars
164,5,0,0,11,8,0,1024,0 GB,0,0,41480,3 stars
165,0,0,0,10,8,0,1024,0 GB,0,0,32990,2 stars
166,0,0,0,11,8,0,1024,0 GB,1,0,38680,3 stars
167,0,0,2,99,4,0,512,0 GB,0,0,23990,4 stars
168,5,0,0,10,8,0,1024,0 GB,0,0,40390,3 stars
169,0,0,0,10,4,0,1024,0 GB,0,0,33990,3 stars
170,0,0,2,99,4,0,512,0 GB,0,0,20490,3 stars
171,5,0,0,10,8,256,1024,0 GB,1,0,41490,5 stars
172,5,0,0,11,8,256,1024,0 GB,0,0,45490,4 stars
173,5,0,0,11,8,256,1024,0 GB,0,0,44490,4 stars
174,0,0,0,11,8,256,1024,0 GB,1,0,41890,4 stars
175,5,0,0,11,4,256,1024,0 GB,1,0,42990,4 stars
176,2,0,0,11,8,256,1024,0 GB,0,0,40990,4 stars
177,5,0,0,11,8,256,1024,0 GB,1,0,48990,4 stars
178,5,0,0,11,4,256,1024,0 GB,1,0,43590,3 stars
179,5,0,0,10,4,256,1024,0 GB,1,0,44690,4 stars
180,0,0,0,10,4,256,1024,0 GB,0,0,40990,3 stars
181,5,0,0,11,4,256,1024,0 GB,1,0,43990,3 stars
183,5,0,0,10,4,256,1024,0 GB,1,0,41390,4 stars
184,5,0,0,10,4,256,1024,0 GB,1,0,44290,3 stars
185,5,0,0,11,4,256,1024,0 GB,1,0,48999,3 stars
186,5,0,0,11,4,256,1024,0 GB,1,0,39990,3 stars
187,5,0,0,10,8,256,1024,0 GB,0,0,46390,2 stars
188,0,0,2,99,4,0,512,0 GB,0,0,18990,3 stars
189,0,0,2,99,4,0,512,0 GB,0,0,17990,3 stars
190,4,0,2,99,4,0,512,0 GB,0,0,26470,3 stars
191,4,0,2,99,4,0,512,0 GB,0,0,27990,3 stars
192,1,0,2,99,4,0,1024,0 GB,0,0,29999,3 stars
193,1,0,2,99,4,0,512,0 GB,0,0,25990,3 stars
194,1,0,2,99,4,0,512,0 GB,0,0,16990,3 stars
195,1,0,2,99,4,0,512,0 GB,0,0,24990,2 stars
196,2,0,1,99,8,0,512,4 GB,0,0,50990,4 stars
197,2,0,1,99,8,0,512,0 GB,1,0,119990,4 stars
198,2,0,1,10,8,0,512,0 GB,0,0,94190,4 stars
199,0,0,1,10,8,0,512,4 GB,0,0,106167,4 stars
200,5,0,1,10,8,0,512,4 GB,1,0,68090,1 star
201,5,0,1,10,8,0,512,0 GB,1,0,139990,3 stars
202,4,0,1,10,8,0,512,0 GB,0,0,55990,4 stars
203,4,0,1,10,8,0,512,4 GB,0,0,102551,3 stars
204,1,0,1,10,8,0,512,2 GB,0,0,46990,4 stars
205,4,0,1,8,8,128,0,0 GB,1,0,76012,4 stars
206,1,0,1,11,8,256,0,0 GB,2,0,49490,4 stars
207,2,0,1,7,8,256,0,0 GB,1,0,86867,4 stars
208,0,0,1,11,8,256,0,0 GB,1,0,48990,3 stars
209,5,0,1,11,8,256,0,0 GB,0,0,55990,3 stars
210,2,0,1,8,8,256,0,0 GB,1,1,81998,4 stars
211,4,0,1,8,8,256,0,0 GB,1,1,136590,3 stars
212,2,0,1,8,8,256,0,0 GB,1,0,59490,3 stars
213,0,0,1,11,8,256,0,0 GB,1,0,49800,3 stars
214,1,0,1,11,8,256,0,0 GB,1,0,61999,2 stars
215,4,0,1,11,8,512,0,0 GB,0,0,54990,4 stars
216,4,0,1,11,8,512,0,0 GB,1,0,53990,4 stars
217,1,0,1,11,8,512,0,0 GB,2,0,52990,4 stars
218,4,0,1,11,16,512,0,0 GB,1,0,67990,4 stars
219,0,0,1,10,8,512,0,4 GB,1,0,57990,4 stars
220,1,0,1,11,16,512,0,0 GB,1,0,62300,4 stars
221,1,0,1,11,8,512,0,0 GB,1,0,52990,3 stars
222,1,0,1,11,8,512,0,0 GB,2,0,51990,4 stars
223,1,0,1,11,16,512,0,0 GB,0,0,61990,4 stars
224,0,0,1,11,8,512,0,0 GB,1,1,63990,4 stars
225,1,0,1,11,8,512,0,0 GB,1,0,65990,4 stars
226,2,0,1,11,8,512,0,0 GB,1,0,52990,4 stars
227,1,0,1,10,8,512,0,0 GB,1,0,49990,3 stars
228,0,0,1,11,8,512,0,4 GB,0,0,71990,4 stars
229,0,0,1,10,8,512,0,0 GB,1,0,47990,4 stars
230,1,0,1,10,8,512,0,0 GB,2,0,48490,4 stars
231,0,0,1,11,8,512,0,4 GB,0,0,72990,4 stars
232,6,0,1,11,16,512,0,4 GB,2,0,76990,4 stars
233,0,0,1,11,16,512,0,6 GB,1,0,89990,4 stars
234,6,0,1,10,8,512,0,4 GB,2,0,59990,4 stars
235,0,0,1,10,8,512,0,4 GB,1,0,65990,4 stars
236,5,0,1,11,8,512,0,0 GB,0,1,71990,4 stars
237,5,0,1,11,8,512,0,0 GB,0,1,71890,4 stars
238,1,0,1,11,16,512,0,0 GB,0,0,64990,3 stars
239,0,0,1,11,16,512,0,0 GB,1,0,65990,3 stars
240,4,0,1,11,8,512,0,0 GB,0,0,55999,4 stars
241,0,0,1,11,16,512,0,4 GB,1,0,73490,4 stars
242,4,0,1,11,16,512,0,0 GB,1,0,74490,4 stars
243,4,0,1,11,8,512,0,0 GB,1,0,58340,4 stars
244,2,0,1,11,8,512,0,0 GB,1,0,55999,4 stars
245,5,0,1,11,16,512,0,0 GB,0,0,67990,4 stars
246,0,0,1,11,16,512,0,0 GB,1,0,59990,4 stars
247,0,0,1,11,16,512,0,6 GB,1,0,82990,4 stars
248,5,0,1,11,8,512,0,2 GB,1,0,64190,3 stars
249,5,0,1,11,16,512,0,0 GB,0,0,70090,4 stars
250,0,0,1,10,8,512,0,2 GB,1,0,49990,4 stars
251,6,0,1,11,8,512,0,0 GB,0,0,55490,3 stars
252,4,0,1,11,8,512,0,0 GB,0,1,97990,5 stars
253,0,0,1,9,8,512,0,4 GB,1,0,54990,4 stars
254,1,0,1,11,8,512,0,0 GB,1,0,59990,4 stars
255,1,0,1,11,8,512,0,0 GB,1,0,53990,4 stars
256,4,0,1,11,16,512,0,0 GB,1,0,66999,4 stars
257,2,0,1,11,8,512,0,0 GB,1,0,60990,4 stars
258,0,0,1,10,8,512,0,0 GB,1,0,47990,4 stars
259,4,0,1,11,8,512,0,0 GB,1,0,59999,4 stars
260,5,0,1,10,16,512,0,4 GB,1,0,79990,3 stars
261,0,0,1,10,8,512,0,4 GB,1,0,63990,3 stars
262,4,0,1,11,8,512,0,0 GB,1,0,63990,4 stars
263,0,0,1,11,16,512,0,0 GB,1,0,59990,3 stars
264,1,0,1,11,8,512,0,0 GB,1,0,55990,3 stars
266,4,0,1,11,8,512,0,0 GB,1,0,63990,4 stars
267,5,0,1,11,16,512,0,2 GB,1,0,69490,3 stars
268,5,0,1,11,16,512,0,0 GB,1,1,89390,3 stars
269,0,0,1,11,8,512,0,0 GB,0,0,74990,3 stars
270,1,0,1,11,8,512,0,0 GB,3,1,64990,4 stars
271,1,0,1,10,8,512,0,4 GB,1,0,66490,4 stars
272,5,0,1,11,16,512,0,2 GB,1,0,89702,3 stars
273,1,0,1,11,16,512,0,2 GB,1,0,70990,4 stars
274,0,0,1,11,16,512,0,0 GB,1,1,58990,3 stars
275,1,0,1,10,8,512,0,2 GB,1,0,57500,3 stars
276,5,0,1,11,8,512,0,2 GB,1,1,79990,4 stars
277,6,0,1,10,8,512,0,0 GB,0,0,56541,4 stars
278,0,0,1,11,16,512,0,0 GB,0,0,59990,3 stars
279,1,0,1,11,16,512,0,0 GB,1,0,64990,4 stars
280,5,0,1,11,8,512,0,0 GB,1,0,61290,3 stars
281,1,0,1,11,8,512,0,0 GB,1,0,54990,4 stars
282,1,0,1,11,8,512,0,0 GB,1,0,59990,4 stars
283,0,0,1,11,8,512,0,6 GB,1,0,84990,5 stars
284,4,0,1,11,8,512,0,0 GB,1,0,72500,4 stars
285,1,0,1,11,8,512,0,4 GB,0,0,59990,3 stars
286,1,0,1,11,8,512,0,0 GB,1,1,87990,4 stars
287,4,0,1,11,8,512,0,0 GB,0,0,57990,4 stars
288,5,0,1,11,8,512,0,0 GB,1,0,69490,4 stars
289,1,0,1,11,8,512,0,0 GB,3,1,68990,4 stars
290,1,0,1,11,8,512,0,0 GB,1,0,77990,4 stars
291,0,0,1,11,8,512,0,0 GB,1,1,105990,4 stars
292,6,0,1,11,8,512,0,0 GB,1,0,79990,3 stars
293,5,0,1,11,8,512,0,0 GB,1,0,55490,4 stars
294,1,0,1,11,8,512,0,0 GB,1,0,69990,4 stars
295,0,0,1,11,8,512,0,0 GB,1,1,84990,4 stars
296,5,0,1,11,8,512,0,0 GB,0,0,59990,3 stars
297,5,0,1,10,8,512,0,0 GB,1,0,111890,3 stars
298,5,0,1,11,8,512,0,2 GB,1,0,65990,4 stars
299,0,0,1,11,8,512,0,0 GB,1,0,72990,4 stars
300,5,0,1,11,8,512,0,0 GB,1,0,71090,4 stars
301,6,0,1,11,8,512,0,4 GB,2,0,74990,3 stars
302,0,0,1,10,8,512,0,0 GB,1,0,79990,4 stars
303,6,0,1,11,8,512,0,0 GB,1,0,55490,4 stars
304,5,0,1,11,8,512,0,2 GB,1,0,66490,4 stars
305,0,0,1,11,8,512,0,0 GB,1,0,53400,4 stars
306,5,0,1,11,8,512,0,0 GB,1,1,74500,4 stars
307,5,0,1,11,8,512,0,0 GB,1,0,114990,3 stars
308,5,0,1,11,8,512,0,2 GB,0,0,61990,4 stars
309,7,0,1,10,8,512,0,0 GB,1,0,159990,4 stars
310,7,0,1,8,8,512,0,0 GB,1,0,172090,4 stars
311,6,0,1,11,8,512,0,4 GB,0,0,74990,3 stars
312,6,0,1,10,8,512,0,0 GB,1,0,56490,4 stars
313,1,0,1,10,8,512,0,0 GB,3,0,147000,3 stars
314,1,0,1,11,8,512,0,0 GB,1,0,55990,4 stars
315,4,0,1,11,8,512,0,4 GB,1,0,77990,3 stars
316,4,0,1,10,8,512,0,4 GB,1,0,106490,4 stars
317,1,0,1,11,8,512,0,2 GB,1,0,70990,4 stars
318,1,0,1,11,8,512,0,0 GB,1,0,64990,4 stars
319,2,0,1,11,8,512,0,0 GB,1,0,57990,3 stars
320,0,0,1,10,8,512,0,4 GB,1,0,64990,4 stars
321,6,0,1,10,8,512,0,0 GB,1,0,54990,4 stars
322,4,0,1,11,8,512,0,0 GB,0,1,111999,3 stars
323,1,0,1,10,8,512,0,2 GB,1,0,70798,4 stars
324,1,0,1,9,8,512,0,4 GB,0,0,59990,3 stars
325,2,0,1,8,8,512,0,4 GB,1,0,99500,3 stars
326,4,0,1,10,8,512,0,0 GB,1,0,55990,4 stars
327,0,0,1,8,8,512,0,0 GB,1,0,72990,4 stars
328,2,0,1,8,8,512,0,0 GB,1,0,64990,3 stars
329,0,0,1,11,8,512,0,0 GB,0,0,57990,3 stars
330,4,0,1,11,8,512,0,2 GB,1,1,76990,4 stars
331,1,0,1,11,8,512,0,0 GB,2,0,62998,4 stars
332,5,0,1,11,8,512,0,0 GB,1,1,77990,4 stars
333,4,0,1,10,8,512,0,0 GB,1,1,114990,4 stars
334,5,0,1,10,8,512,0,2 GB,1,0,65990,3 stars
335,5,0,1,11,8,512,0,2 GB,1,0,88990,3 stars
336,1,0,1,10,8,512,0,0 GB,0,0,113590,3 stars
337,0,0,1,11,8,512,0,0 GB,1,1,73990,4 stars
338,4,0,1,11,8,512,0,0 GB,1,0,61000,4 stars
339,0,0,1,11,8,512,0,0 GB,1,1,99990,4 stars
340,1,0,1,11,8,512,0,0 GB,1,0,67990,4 stars
341,5,0,1,11,8,512,0,0 GB,1,1,70799,4 stars
342,1,0,1,11,8,512,0,0 GB,1,0,65990,4 stars
343,0,0,1,8,8,512,0,0 GB,1,0,53690,4 stars
344,6,0,1,11,8,512,0,0 GB,1,0,55990,3 stars
345,0,0,1,11,8,512,0,0 GB,1,0,53190,4 stars
346,1,0,1,10,8,512,0,2 GB,2,0,58999,4 stars
347,5,0,1,11,8,512,0,2 GB,3,0,71990,3 stars
348,4,0,1,11,8,512,0,4 GB,0,0,82000,3 stars
349,0,0,1,11,8,512,0,0 GB,0,0,84990,3 stars
350,1,0,1,11,8,512,0,2 GB,0,0,89998,3 stars
351,0,0,1,11,8,512,0,0 GB,1,1,99990,3 stars
353,1,0,1,10,8,512,0,4 GB,0,0,69899,4 stars
354,5,0,1,10,8,512,0,4 GB,1,0,79990,3 stars
355,5,0,1,10,8,512,0,4 GB,1,0,76300,4 stars
356,1,0,1,10,8,512,0,0 GB,1,0,55999,3 stars
357,5,0,1,11,8,512,0,0 GB,0,0,72900,3 stars
358,5,0,1,11,8,512,0,0 GB,1,1,73990,4 stars
359,0,0,1,11,8,512,0,0 GB,0,0,84990,3 stars
360,5,0,1,11,8,512,0,2 GB,0,0,73519,3 stars
361,4,0,1,10,8,512,0,0 GB,1,1,126000,5 stars
362,0,0,1,11,8,512,0,6 GB,1,0,88990,3 stars
363,4,0,1,11,8,512,0,0 GB,1,1,114999,3 stars
364,5,0,1,11,8,512,0,2 GB,1,1,82990,4 stars
365,2,0,1,11,8,512,0,0 GB,0,1,109999,3 stars
366,1,0,1,11,8,512,0,0 GB,1,1,82990,3 stars
367,5,0,1,11,8,512,0,2 GB,1,1,79990,4 stars
368,0,0,1,11,8,512,0,0 GB,1,1,114990,3 stars
369,4,0,1,11,8,512,0,0 GB,1,1,129999,3 stars
370,6,0,1,8,8,512,0,6 GB,0,0,149990,4 stars
371,5,0,1,11,8,512,0,2 GB,0,0,71290,3 stars
372,5,0,1,10,8,512,0,0 GB,1,0,79500,4 stars
373,5,0,1,10,8,512,0,2 GB,1,0,82990,3 stars
374,5,0,1,11,8,512,0,2 GB,1,0,70980,4 stars
376,4,0,1,11,8,512,0,0 GB,0,0,94000,3 stars
377,5,0,1,11,8,512,0,2 GB,0,1,82990,4 stars
378,6,0,1,11,8,512,0,0 GB,1,0,79990,4 stars
379,0,0,1,8,8,512,0,0 GB,0,0,85990,3 stars
380,0,0,1,10,8,512,0,2 GB,0,0,86990,3 stars
381,0,0,1,10,8,512,0,2 GB,1,0,105990,5 stars
382,0,0,1,10,8,512,0,0 GB,0,0,84990,3 stars
383,1,0,1,8,8,512,0,2 GB,1,0,59999,4 stars
384,1,0,1,11,8,512,0,0 GB,1,0,91999,4 stars
385,5,0,1,11,8,512,0,0 GB,1,1,78900,3 stars
386,0,0,1,10,8,512,0,0 GB,0,0,132790,3 stars
387,1,0,1,11,8,512,0,4 GB,0,0,60990,3 stars
388,3,0,1,7,8,512,0,0 GB,0,0,65556,3 stars
389,5,0,1,11,16,512,0,0 GB,0,0,70190,3 stars
390,5,0,1,11,8,512,0,2 GB,1,1,79590,3 stars
392,0,0,1,11,8,512,0,4 GB,1,0,76990,3 stars
394,3,0,1,8,8,512,0,0 GB,0,0,44990,3 stars
395,0,0,1,11,8,512,0,0 GB,1,1,84990,3 stars
396,1,0,1,10,8,512,0,2 GB,1,1,86999,4 stars
397,4,0,1,11,16,512,0,2 GB,1,0,78000,4 stars
398,3,0,1,8,8,512,0,0 GB,0,0,73063,3 stars
400,4,0,1,11,16,512,0,4 GB,1,0,100990,3 stars
401,1,0,1,8,8,512,0,0 GB,1,0,74990,3 stars
402,0,0,1,10,8,512,0,4 GB,0,0,75990,4 stars
403,1,0,1,11,8,512,0,2 GB,1,0,84086,3 stars
404,0,0,1,11,8,1024,0,4 GB,0,0,75990,4 stars
405,0,0,1,11,8,1024,0,4 GB,1,0,77990,4 stars
406,0,0,1,10,8,1024,0,4 GB,1,0,77990,4 stars
407,7,0,1,10,16,1024,0,0 GB,1,0,179990,4 stars
408,7,0,1,10,16,1024,0,0 GB,1,0,179990,4 stars
409,0,0,1,10,8,1024,0,4 GB,0,0,82990,4 stars
410,0,0,1,11,8,1024,0,4 GB,1,0,87990,3 stars
411,0,0,1,11,8,1024,0,4 GB,0,0,84500,4 stars
412,5,0,1,11,8,1024,0,0 GB,0,0,74190,4 stars
413,1,0,1,11,8,1024,0,0 GB,1,0,64990,3 stars
414,1,0,1,10,8,512,512,0 GB,3,1,155411,3 stars
415,1,0,1,10,8,512,512,0 GB,3,1,125394,3 stars
416,2,0,1,11,8,0,1024,0 GB,0,0,49990,3 stars
417,2,0,1,11,8,0,1024,0 GB,1,0,46990,3 stars
418,5,0,1,11,8,0,1024,0 GB,1,0,48990,3 stars
419,2,0,1,8,8,0,1024,2 GB,1,0,59999,4 stars
420,0,0,1,10,8,0,1024,0 GB,1,0,46990,4 stars
421,6,0,1,10,8,0,1024,4 GB,2,0,52990,4 stars
422,1,0,1,7,8,0,1024,2 GB,0,0,57999,3 stars
423,1,0,1,4,8,0,1024,0 GB,0,0,52490,3 stars
424,1,0,1,8,8,0,1024,4 GB,1,0,56990,4 stars
425,2,0,1,8,8,0,1024,2 GB,1,0,61990,4 stars
426,5,0,1,11,8,0,1024,0 GB,0,0,58090,3 stars
427,0,0,1,10,8,0,1024,0 GB,0,0,56990,3 stars
428,2,0,1,8,8,0,1024,0 GB,1,0,61597,3 stars
429,0,0,1,8,8,0,1024,0 GB,0,0,81990,3 stars
430,0,0,1,10,8,0,1024,0 GB,0,0,61249,3 stars
431,5,0,1,11,8,0,1024,0 GB,0,0,58990,3 stars
432,0,0,1,10,8,0,1024,2 GB,0,0,83990,3 stars
433,6,0,1,10,8,0,512,6 GB,0,0,291190,4 stars
434,6,0,1,10,8,0,512,6 GB,0,0,145990,4 stars
435,6,0,1,10,8,0,512,8 GB,0,0,179990,4 stars
436,4,0,1,8,8,0,1024,2 GB,1,0,64990,4 stars
437,4,0,1,8,8,0,1024,0 GB,1,0,46790,4 stars
438,4,0,1,7,4,0,1024,0 GB,1,0,44599,4 stars
439,2,0,1,8,8,0,1024,2 GB,1,0,72964,4 stars
440,4,0,1,10,8,0,1024,0 GB,1,0,48790,3 stars
441,2,0,1,10,8,0,1024,2 GB,1,0,56491,3 stars
442,0,0,1,11,8,256,1024,0 GB,1,0,50990,4 stars
443,0,0,1,10,8,256,1024,4 GB,0,0,55990,4 stars
444,2,0,1,11,8,256,1024,0 GB,1,0,57990,4 stars
445,0,0,1,11,8,256,1024,0 GB,1,0,52990,3 stars
446,5,0,1,11,8,256,1024,0 GB,1,0,57990,4 stars
447,2,0,1,11,8,256,1024,0 GB,1,0,56990,4 stars
448,2,0,1,11,8,256,1024,0 GB,0,0,55490,3 stars
449,5,0,1,11,8,256,1024,2 GB,1,0,62490,3 stars
450,0,0,1,11,16,256,1024,0 GB,1,0,64990,4 stars
451,1,0,1,11,8,256,1024,2 GB,1,0,59990,4 stars
452,0,0,1,11,8,256,1024,2 GB,1,0,60190,4 stars
453,0,0,1,9,8,256,1024,4 GB,0,0,54490,4 stars
454,1,0,1,9,8,256,1024,4 GB,1,0,60990,4 stars
455,5,0,1,11,4,256,1024,0 GB,1,0,55790,4 stars
456,0,0,1,11,16,256,1024,0 GB,1,0,64990,4 stars
457,0,0,1,11,16,256,1024,0 GB,0,0,58990,4 stars
458,5,0,1,11,8,256,1024,0 GB,1,0,54990,3 stars
459,4,0,1,11,8,256,1024,4 GB,1,0,71990,4 stars
460,5,0,1,11,8,256,1024,2 GB,1,0,69900,3 stars
461,1,0,1,11,8,256,1024,2 GB,1,0,65990,4 stars
462,0,0,1,11,8,256,1024,0 GB,1,0,49990,3 stars
463,5,0,1,11,8,256,1024,0 GB,1,0,58990,4 stars
464,1,0,1,10,8,256,1024,4 GB,0,0,74590,4 stars
465,0,0,1,10,8,256,1024,2 GB,0,0,58990,5 stars
466,0,0,1,11,8,256,1024,0 GB,1,0,64990,3 stars
467,5,0,1,11,8,256,1024,2 GB,0,0,66490,3 stars
468,5,0,1,10,8,256,1024,4 GB,0,0,77900,4 stars
469,5,0,1,11,8,256,1024,2 GB,0,0,67490,3 stars
470,5,0,1,11,8,256,1024,0 GB,1,0,61990,3 stars
471,5,0,1,11,8,256,1024,0 GB,1,0,58990,4 stars
472,1,0,1,10,8,256,1024,4 GB,0,0,74999,4 stars
473,0,0,1,11,8,256,1024,0 GB,1,0,68900,5 stars
474,5,0,1,11,8,256,1024,2 GB,0,0,71695,4 stars
475,2,0,1,11,16,256,1024,0 GB,0,0,62490,3 stars
476,5,0,1,8,8,0,2048,2 GB,1,0,62317,4 stars
477,6,0,1,10,8,0,512,8 GB,0,0,207290,3 stars
478,5,0,4,8,16,256,0,4 GB,1,0,87990,4 stars
479,3,0,4,8,8,256,0,0 GB,0,0,73990,3 stars
485,0,0,4,10,16,512,0,0 GB,1,0,57990,4 stars
486,0,0,4,10,8,512,0,4 GB,0,0,61990,4 stars
487,6,0,4,10,16,512,0,4 GB,2,0,79990,4 stars
488,1,0,4,10,8,512,0,4 GB,1,0,68990,4 stars
489,1,0,4,11,16,512,0,0 GB,1,1,85990,4 stars
490,1,0,4,11,16,512,0,4 GB,1,0,99990,4 stars
491,0,0,4,11,8,512,0,0 GB,1,0,77990,4 stars
492,1,0,4,11,8,512,0,4 GB,0,0,79990,4 stars
493,4,0,4,11,16,512,0,4 GB,1,0,93190,5 stars
494,0,0,4,11,16,512,0,0 GB,1,0,94990,3 stars
495,1,0,4,11,16,512,0,0 GB,3,1,84990,4 stars
496,6,0,4,10,8,512,0,0 GB,0,0,57990,4 stars
497,4,0,4,11,16,512,0,0 GB,1,1,102990,4 stars
498,5,0,4,11,16,512,0,4 GB,1,0,99990,3 stars
499,0,0,4,11,16,512,0,4 GB,0,0,94990,4 stars
500,4,0,4,11,16,512,0,0 GB,1,1,104000,3 stars
501,6,0,4,11,16,512,0,2 GB,0,0,76990,3 stars
502,4,0,4,11,16,512,0,4 GB,1,0,90190,4 stars
503,1,0,4,11,16,512,0,0 GB,0,1,88488,3 stars
504,6,0,4,10,16,512,0,4 GB,1,0,109990,4 stars
505,6,0,4,11,16,512,0,4 GB,0,0,86990,3 stars
506,6,0,4,11,16,512,0,0 GB,1,0,89990,3 stars
507,4,0,4,10,16,512,0,0 GB,1,1,239759,3 stars
508,0,0,4,11,16,512,0,2 GB,1,0,78990,4 stars
509,5,0,4,8,16,512,0,0 GB,1,0,121890,1 star
510,0,0,4,8,16,512,0,0 GB,1,0,85990,4 stars
511,6,0,4,11,16,512,0,4 GB,2,0,94990,3 stars
512,4,0,4,11,16,512,0,4 GB,1,0,92000,4 stars
513,4,0,4,10,16,512,0,0 GB,1,1,162990,3 stars
514,5,0,4,11,16,512,0,0 GB,1,0,135300,5 stars
515,6,0,4,11,16,512,0,0 GB,0,0,64990,4 stars
516,1,0,4,10,16,512,0,0 GB,3,0,174527,3 stars
517,1,0,4,10,16,512,0,0 GB,0,0,162299,3 stars
518,5,0,4,10,16,512,0,0 GB,1,1,109190,3 stars
519,4,0,4,11,16,512,0,0 GB,1,1,99999,3 stars
520,6,0,4,10,16,512,0,2 GB,1,0,104990,4 stars
521,0,0,4,11,16,512,0,0 GB,0,1,109990,3 stars
522,0,0,4,8,16,512,0,0 GB,1,0,99990,4 stars
523,1,0,4,8,16,512,0,2 GB,0,0,244801,3 stars
524,0,0,4,11,16,512,0,0 GB,0,0,94990,3 stars
525,1,0,4,8,16,512,0,0 GB,1,0,86000,3 stars
526,1,0,4,10,16,512,0,2 GB,0,0,162399,3 stars
527,4,0,4,11,16,512,0,0 GB,0,0,119599,3 stars
528,1,0,4,10,16,512,0,0 GB,0,0,211753,3 stars
529,1,0,4,11,16,512,0,0 GB,0,0,110999,3 stars
531,0,0,4,8,8,512,0,0 GB,1,0,81990,4 stars
532,6,0,4,9,8,512,0,4 GB,2,0,66990,4 stars
533,6,0,4,10,16,1024,0,6 GB,2,0,84990,4 stars
534,0,0,4,11,16,1024,0,2 GB,1,1,104990,3 stars
535,0,0,4,11,16,1024,0,0 GB,1,1,134990,3 stars
536,0,0,4,11,16,1024,0,4 GB,0,0,98990,4 stars
537,4,0,4,10,16,1024,0,6 GB,1,0,144690,4 stars
538,0,0,4,11,16,1024,0,0 GB,0,0,99990,3 stars
539,6,0,4,11,16,1024,0,6 GB,2,0,119990,4 stars
540,0,0,4,11,16,1024,0,4 GB,1,0,194990,3 stars
541,0,0,4,10,16,1024,0,2 GB,1,0,124990,4 stars
542,5,0,4,11,16,1024,0,2 GB,0,0,122410,3 stars
543,4,0,4,10,16,1024,0,0 GB,1,1,179990,4 stars
544,6,0,4,11,16,1024,0,4 GB,2,1,154990,4 stars
545,1,0,4,11,16,1024,0,0 GB,1,0,122990,3 stars
546,0,0,4,10,16,1024,0,6 GB,1,1,224990,4 stars
547,6,0,4,12,16,1024,0,8 GB,0,0,279990,3 stars
548,4,0,4,11,16,1024,0,4 GB,0,0,121990,3 stars
549,4,0,4,11,16,1024,0,4 GB,0,0,116990,3 stars
550,1,0,4,11,16,1024,0,6 GB,0,0,151098,4 stars
551,6,0,4,11,16,1024,0,8 GB,2,0,129990,4 stars
552,4,0,4,11,16,1024,0,0 GB,1,1,149999,3 stars
553,6,0,4,12,16,1024,0,6 GB,0,0,139990,4 stars
554,2,0,4,11,16,1024,0,6 GB,1,0,129990,4 stars
555,4,0,4,11,16,1024,0,8 GB,1,0,171990,3 stars
556,5,0,4,11,16,1024,0,2 GB,1,0,93955,4 stars
557,0,0,4,10,16,1024,0,8 GB,0,0,234990,3 stars
558,4,0,4,11,16,1024,0,0 GB,1,1,128500,3 stars
559,1,0,4,11,16,1024,0,0 GB,1,1,102990,4 stars
560,0,0,4,11,16,1024,0,0 GB,1,1,119990,4 stars
561,0,0,4,11,16,1024,0,6 GB,0,0,120980,3 stars
562,0,0,4,11,16,1024,0,6 GB,1,0,157249,4 stars
563,1,0,4,9,16,1024,0,4 GB,0,0,229900,3 stars
564,0,0,4,11,16,1024,0,6 GB,1,0,131500,3 stars
565,0,0,4,10,16,1024,0,0 GB,0,0,154990,5 stars
566,0,0,4,10,16,1024,0,0 GB,0,0,165990,3 stars
567,1,0,4,10,16,1024,0,0 GB,0,0,119990,2 stars
568,0,0,4,10,16,1024,0,0 GB,0,0,167990,3 stars
569,4,0,4,11,16,1024,0,0 GB,1,1,165000,3 stars
570,3,0,4,10,16,1024,0,0 GB,0,0,62990,3 stars
571,1,0,4,11,16,1024,0,0 GB,1,0,85990,3 stars
572,4,0,4,11,16,1024,0,2 GB,1,0,94990,3 stars
573,4,0,4,11,16,1024,0,6 GB,1,0,136990,3 stars
574,1,0,4,10,16,1024,0,8 GB,1,0,234990,3 stars
575,2,0,4,10,16,2048,0,8 GB,1,0,159990,3 stars
576,0,0,4,10,16,2048,0,0 GB,0,0,233990,3 stars
577,0,0,4,10,16,0,1024,2 GB,0,0,93990,3 stars
578,4,0,4,8,16,128,1024,4 GB,1,0,116941,3 stars
579,6,0,4,10,8,256,1024,4 GB,2,0,63990,4 stars
580,0,0,4,10,16,256,1024,4 GB,0,0,66990,4 stars
581,0,0,4,11,16,256,1024,0 GB,0,0,82500,3 stars
582,2,0,4,10,16,256,1024,6 GB,1,0,119990,4 stars
583,6,0,4,10,16,256,1024,4 GB,3,0,159990,3 stars
584,0,0,4,8,16,256,1024,0 GB,0,0,98912,3 stars
585,2,0,4,11,16,512,1024,4 GB,1,0,92990,4 stars
586,2,0,4,11,16,512,1024,6 GB,1,0,119990,4 stars
587,2,0,5,11,32,1024,0,8 GB,1,0,169990,3 stars
588,2,0,5,11,16,1024,0,6 GB,1,0,139990,3 stars
589,6,0,5,11,16,1024,0,6 GB,0,0,192990,3 stars
590,0,0,5,12,16,1024,0,6 GB,0,0,299990,3 stars
591,0,0,5,10,16,1024,0,6 GB,1,1,269990,4 stars
592,0,0,5,11,16,1024,0,6 GB,1,0,139990,3 stars
593,1,0,5,10,16,1024,0,8 GB,0,0,265998,3 stars
594,0,0,5,11,16,3072,0,6 GB,1,0,441990,5 stars
595,6,0,1,10,8,0,512,4 GB,0,0,86990,4 stars
596,6,0,1,10,8,0,512,6 GB,0,0,109990,4 stars
597,6,0,1,10,8,0,512,4 GB,0,0,109590,4 stars
598,0,0,4,10,16,0,512,6 GB,0,0,146490,3 stars
599,7,2,6,10,8,256,0,0 GB,1,0,85990,4 stars
600,7,2,6,10,8,256,0,0 GB,1,0,112990,4 stars
601,7,2,6,10,16,256,0,0 GB,1,0,104990,4 stars
603,7,2,6,10,16,256,0,0 GB,1,0,132990,4 stars
606,7,2,6,10,16,512,0,0 GB,1,0,149990,4 stars
607,7,2,6,10,8,512,0,0 GB,1,0,125990,4 stars
608,7,2,6,10,8,512,0,0 GB,1,0,103990,4 stars
609,7,2,6,10,8,512,0,0 GB,1,0,101990,4 stars
610,7,2,6,10,8,512,0,0 GB,1,0,104990,4 stars
611,7,2,6,10,8,512,0,0 GB,1,0,131990,4 stars
612,7,2,6,10,16,512,0,0 GB,1,0,128990,4 stars
613,7,2,6,10,16,512,0,0 GB,1,0,184990,4 stars
614,7,2,6,10,16,512,0,0 GB,1,0,225990,4 stars
615,7,2,6,10,4,512,0,0 GB,1,0,124990,4 stars
617,7,2,6,10,8,1024,0,0 GB,1,0,149990,4 stars
618,7,2,6,10,16,1024,0,0 GB,1,0,169990,4 stars
619,7,2,6,10,16,1024,0,0 GB,1,0,225990,4 stars
620,7,2,6,10,16,1024,0,0 GB,1,0,243990,4 stars
621,7,2,6,10,32,1024,0,0 GB,1,0,309990,5 stars
623,0,0,7,99,4,0,512,0 GB,0,0,45990,3 stars
624,0,0,7,99,4,128,0,0 GB,0,1,58100,3 stars
625,0,0,7,99,8,256,0,0 GB,1,1,62990,3 stars
626,4,0,7,99,8,256,0,0 GB,1,0,32990,4 stars
627,0,0,7,99,4,256,0,0 GB,1,0,33990,4 stars
628,2,0,7,99,4,256,0,0 GB,1,0,30990,4 stars
629,5,0,7,99,4,256,0,0 GB,1,0,36000,4 stars
630,0,0,7,99,4,256,0,0 GB,1,0,32990,4 stars
631,5,0,7,99,4,256,0,0 GB,1,0,35990,3 stars
632,0,0,7,99,4,0,1024,0 GB,0,0,27990,3 stars
633,0,0,7,99,4,0,1024,0 GB,1,0,25990,3 stars
634,0,0,7,99,4,0,1024,0 GB,1,0,25990,3 stars
635,0,0,7,99,4,0,1024,0 GB,0,0,30780,3 stars
636,4,1,8,99,8,256,0,0 GB,1,0,37990,4 stars
637,0,1,8,99,8,256,0,0 GB,1,0,35990,4 stars
638,5,1,8,99,8,256,0,0 GB,0,0,39490,4 stars
639,5,1,8,99,8,256,0,0 GB,0,0,36990,4 stars
640,5,1,8,99,8,256,0,0 GB,1,0,39990,4 stars
641,0,1,8,99,4,256,0,0 GB,1,0,33690,4 stars
642,5,1,8,99,8,256,0,0 GB,0,0,40590,3 stars
643,0,1,8,99,4,256,0,0 GB,1,0,37990,4 stars
644,0,1,8,99,4,256,0,0 GB,1,0,34500,4 stars
645,2,1,8,99,8,512,0,0 GB,1,0,36990,4 stars
646,4,1,8,99,8,512,0,0 GB,0,0,43490,4 stars
647,4,1,8,99,8,512,0,0 GB,1,0,41490,4 stars
648,2,1,8,99,4,512,0,0 GB,0,0,34990,3 stars
649,4,1,8,99,4,512,0,0 GB,1,0,44490,4 stars
650,5,1,8,99,4,512,0,0 GB,0,0,40590,3 stars
651,5,1,8,99,8,512,0,0 GB,0,0,42090,3 stars
652,5,1,8,99,8,0,1024,0 GB,1,0,35990,4 stars
653,4,1,8,99,8,0,1024,0 GB,1,0,39490,4 stars
654,5,1,8,99,8,0,1024,0 GB,0,0,37390,4 stars
655,5,1,8,99,4,0,1024,0 GB,1,0,52632,3 stars
656,5,1,8,99,4,0,1024,0 GB,1,0,39990,4 stars
657,5,1,8,99,4,0,1024,0 GB,1,0,43990,3 stars
658,4,1,8,99,4,0,1024,0 GB,1,0,32917,4 stars
659,1,1,8,99,4,0,1024,0 GB,0,0,34990,3 stars
660,5,1,8,99,8,0,1024,0 GB,0,0,39990,3 stars
661,4,1,8,99,8,256,1024,0 GB,1,0,41999,4 stars
662,5,1,3,99,8,256,0,0 GB,1,0,41990,4 stars
663,5,1,3,99,8,256,0,0 GB,1,0,44490,4 stars
664,5,1,3,99,8,256,0,0 GB,1,0,41990,4 stars
665,5,1,3,99,8,256,0,0 GB,1,0,44490,4 stars
666,6,1,3,99,4,256,0,0 GB,1,0,49990,3 stars
667,5,1,3,99,4,256,0,0 GB,1,0,44390,4 stars
668,4,1,3,99,8,512,0,4 GB,1,0,57990,4 stars
669,1,1,3,99,8,512,0,4 GB,1,0,56990,4 stars
670,1,1,3,99,8,512,0,0 GB,1,0,48990,4 stars
671,4,1,3,99,8,512,0,0 GB,1,0,49970,4 stars
672,6,1,3,99,8,512,0,0 GB,0,0,47990,4 stars
673,4,1,3,99,8,512,0,0 GB,1,0,48990,4 stars
674,2,1,3,99,8,512,0,0 GB,1,0,53990,4 stars
675,1,1,3,99,8,512,0,0 GB,1,0,52990,4 stars
676,2,1,3,99,8,512,0,0 GB,1,0,43990,3 stars
677,1,1,3,99,8,512,0,4 GB,0,0,59490,4 stars
678,6,1,3,99,8,512,0,4 GB,0,0,64990,4 stars
679,5,1,3,99,8,512,0,0 GB,0,0,47490,2 stars
680,4,1,3,99,8,512,0,4 GB,1,0,59990,4 stars
681,1,1,3,99,8,512,0,4 GB,0,0,69990,4 stars
682,4,1,3,99,8,512,0,4 GB,1,0,58990,4 stars
683,5,1,3,99,8,512,0,0 GB,1,0,59490,4 stars
684,4,1,3,99,16,512,0,0 GB,1,0,67500,4 stars
685,4,1,3,99,8,512,0,0 GB,0,0,48990,4 stars
686,0,1,3,99,8,512,0,0 GB,1,1,62450,4 stars
687,0,1,3,99,8,512,0,0 GB,1,0,58990,4 stars
688,4,1,3,99,8,512,0,0 GB,1,0,57999,4 stars
689,0,1,3,99,16,512,0,0 GB,0,0,56990,4 stars
690,4,1,3,99,8,512,0,4 GB,1,0,72990,4 stars
691,4,1,3,99,16,512,0,0 GB,1,0,65990,4 stars
692,4,1,3,99,16,512,0,0 GB,1,1,98020,3 stars
693,4,1,3,99,16,512,0,2 GB,1,0,63990,4 stars
694,0,1,3,99,8,512,0,0 GB,1,0,49890,4 stars
695,5,1,3,99,8,512,0,0 GB,1,0,49990,4 stars
696,5,1,3,99,8,512,0,0 GB,1,0,59490,3 stars
697,4,1,3,99,8,512,0,0 GB,1,1,73999,4 stars
698,5,1,3,99,4,512,0,0 GB,1,0,60990,4 stars
699,5,1,3,99,4,512,0,6 GB,0,0,76190,4 stars
700,1,1,3,99,4,512,0,0 GB,3,1,74798,3 stars
701,0,1,3,99,4,512,0,0 GB,1,0,58990,4 stars
702,4,1,3,99,4,512,0,4 GB,0,0,68100,3 stars
703,1,1,3,99,4,512,0,0 GB,1,1,77990,3 stars
704,4,1,3,99,4,512,0,0 GB,1,0,55090,4 stars
705,0,1,3,99,4,512,0,0 GB,0,1,91990,3 stars
706,4,1,3,99,4,512,0,0 GB,1,0,84208,3 stars
707,2,1,3,99,4,512,0,0 GB,1,0,44990,4 stars
708,4,1,3,99,4,512,0,0 GB,1,0,53490,4 stars
709,1,1,3,99,4,512,0,4 GB,0,0,76498,3 stars
710,5,1,3,99,4,512,0,4 GB,1,0,98920,3 stars
711,6,1,3,99,4,512,0,0 GB,0,0,54990,4 stars
712,2,1,3,99,4,512,0,0 GB,1,0,49990,4 stars
713,4,1,3,99,4,512,0,0 GB,0,0,52380,3 stars
714,2,1,3,99,4,512,0,0 GB,1,0,49990,4 stars
715,4,1,3,99,4,512,0,0 GB,1,0,52500,4 stars
716,0,1,3,99,4,512,0,0 GB,1,0,49990,4 stars
717,2,1,3,99,4,512,0,0 GB,1,0,75999,3 stars
718,0,1,3,99,4,512,0,0 GB,1,0,80990,3 stars
719,1,1,3,99,4,512,0,0 GB,1,0,59900,3 stars
720,4,1,3,99,4,512,0,0 GB,1,0,54590,4 stars
721,5,1,3,99,4,512,0,0 GB,1,1,75500,3 stars
722,4,1,3,99,8,512,0,0 GB,1,0,51890,4 stars
723,0,1,3,99,16,512,0,0 GB,1,0,78000,2 stars
724,4,1,3,99,16,512,0,0 GB,1,0,59999,4 stars
725,4,1,3,99,8,512,0,4 GB,1,0,64990,3 stars
726,5,1,3,99,4,1024,0,0 GB,0,0,57900,4 stars
727,1,1,3,99,4,1024,0,0 GB,3,1,81978,3 stars
728,4,1,3,99,4,0,1024,4 GB,1,0,59990,4 stars
729,5,1,3,99,8,256,1024,0 GB,0,0,49490,4 stars
730,0,1,3,99,8,256,1024,0 GB,1,0,54990,4 stars
731,1,1,3,99,8,256,1024,4 GB,0,0,68500,4 stars
732,0,1,3,99,8,256,1024,0 GB,1,0,54990,4 stars
733,0,1,3,99,8,256,1024,0 GB,1,0,54990,4 stars
734,1,1,3,99,8,256,1024,0 GB,1,0,63990,4 stars
735,4,1,3,99,4,256,1024,4 GB,1,0,80000,4 stars
736,5,1,3,99,4,256,1024,0 GB,0,0,51990,3 stars
737,0,1,3,99,4,256,1024,0 GB,1,0,62990,4 stars
738,4,1,3,99,4,256,1024,0 GB,1,0,52990,4 stars
739,0,1,3,99,4,256,1024,0 GB,1,0,75100,3 stars
740,0,1,9,99,16,512,0,4 GB,0,0,76990,4 stars
741,0,1,9,99,16,512,0,4 GB,1,0,79990,3 stars
742,0,1,9,99,8,512,0,4 GB,0,0,71990,4 stars
743,0,1,9,99,8,512,0,4 GB,0,0,71990,4 stars
744,1,1,9,99,16,512,0,4 GB,1,0,99990,4 stars
745,0,1,9,99,16,512,0,0 GB,1,0,79990,3 stars
746,5,1,9,99,16,512,0,4 GB,1,0,93990,3 stars
747,0,1,9,99,16,512,0,4 GB,0,0,82990,4 stars
748,0,1,9,99,4,512,0,4 GB,0,0,106990,3 stars
749,0,1,9,99,4,512,0,0 GB,1,0,92990,4 stars
750,1,0,9,99,4,512,0,4 GB,3,0,81490,3 stars
751,0,1,9,99,4,512,0,0 GB,1,0,56990,3 stars
752,6,1,9,99,4,512,0,0 GB,0,0,64990,3 stars
753,1,1,9,99,4,512,0,0 GB,1,0,60990,4 stars
754,1,1,9,99,4,512,0,4 GB,1,0,84988,3 stars
755,4,1,9,99,4,512,0,4 GB,1,0,90990,4 stars
756,0,1,9,99,4,512,0,0 GB,1,0,63990,4 stars
757,1,1,9,99,4,512,0,0 GB,1,0,63990,4 stars
758,4,1,9,99,4,512,0,0 GB,1,0,57999,4 stars
759,0,1,9,99,4,512,0,4 GB,0,0,72400,3 stars
760,1,1,9,99,4,512,0,0 GB,1,1,78990,4 stars
761,2,1,9,99,4,512,0,0 GB,1,0,59990,3 stars
762,0,1,9,99,4,512,0,4 GB,1,0,111990,3 stars
763,4,1,9,99,4,512,0,0 GB,0,1,109000,3 stars
764,5,1,9,99,4,512,0,6 GB,0,0,89990,4 stars
765,1,1,9,99,4,512,0,0 GB,3,1,78988,3 stars
766,1,1,9,99,4,512,0,4 GB,0,0,73138,3 stars
767,1,1,9,99,4,512,0,4 GB,1,0,106990,3 stars
768,0,1,9,99,4,512,0,4 GB,0,0,79990,3 stars
769,5,1,9,99,4,512,0,0 GB,1,1,89570,3 stars
770,4,1,9,99,4,512,0,0 GB,1,0,68500,4 stars
771,1,1,9,99,16,512,0,0 GB,1,0,73400,3 stars
772,4,1,9,99,16,512,0,2 GB,1,0,79990,3 stars
773,4,1,9,99,16,512,0,4 GB,1,0,84990,2 stars
774,6,1,9,99,16,1024,0,8 GB,1,0,99990,4 stars
775,0,1,9,99,8,1024,0,4 GB,0,0,72990,4 stars
776,4,1,9,99,16,1024,0,0 GB,1,1,92990,3 stars
777,4,1,9,99,16,1024,0,0 GB,1,0,84190,3 stars
778,0,1,9,99,16,1024,0,0 GB,0,1,112990,3 stars
779,0,1,9,99,4,1024,0,4 GB,1,0,114990,3 stars
780,2,1,9,99,4,1024,0,4 GB,1,0,99990,3 stars
781,0,1,9,99,4,1024,0,4 GB,0,0,95990,4 stars
782,4,1,9,99,4,1024,0,8 GB,1,0,159990,4 stars
783,0,1,9,99,4,1024,0,0 GB,1,0,76990,3 stars
784,1,1,9,99,4,1024,0,6 GB,1,0,130990,3 stars
785,0,1,9,99,4,1024,0,0 GB,1,0,99990,3 stars
786,0,1,9,99,4,1024,0,4 GB,0,0,112990,3 stars
787,1,1,9,99,4,1024,0,0 GB,1,0,77988,3 stars
788,0,1,9,99,4,1024,0,0 GB,1,0,76000,5 stars
789,0,1,9,99,4,1024,0,4 GB,1,1,99990,4 stars
790,0,1,9,99,4,1024,0,0 GB,1,0,111000,3 stars
791,0,1,9,99,16,1024,0,0 GB,1,0,84970,3 stars
792,4,1,9,99,16,256,1024,4 GB,1,0,75990,4 stars
793,2,1,9,99,16,256,1024,6 GB,1,0,89990,4 stars
794,2,1,9,99,16,256,1024,4 GB,0,0,81990,4 stars
795,1,1,9,99,4,512,1024,0 GB,0,0,80490,3 stars
796,0,1,10,99,16,1024,0,6 GB,1,0,135990,3 stars
797,0,1,10,99,16,1024,0,0 GB,1,0,154990,4 stars
798,0,1,10,99,16,1024,0,8 GB,1,0,199990,4 stars
799,0,1,10,99,16,1024,0,4 GB,0,0,114990,4 stars
800,0,1,10,99,16,1024,0,6 GB,1,0,129990,4 stars
801,0,1,10,99,16,1024,0,4 GB,1,1,114990,4 stars
802,6,1,10,99,4,1024,0,0 GB,0,0,146990,3 stars
803,0,1,10,99,4,1024,0,0 GB,1,0,104990,4 stars
804,0,1,10,99,4,1024,0,4 GB,1,1,114990,4 stars
805,0,1,10,99,4,1024,0,4 GB,1,1,124990,5 stars
806,0,1,10,99,4,1024,0,0 GB,0,1,134990,3 stars
807,4,1,10,99,4,1024,0,8 GB,1,0,141990,3 stars
808,0,1,10,99,4,1024,0,0 GB,1,0,129990,3 stars
809,0,1,10,99,4,1024,0,4 GB,1,1,142990,4 stars
810,0,1,10,99,4,1024,0,0 GB,1,0,121990,3 stars
811,0,1,10,99,4,1024,0,4 GB,1,1,124990,4 stars
812,0,1,10,99,4,1024,0,6 GB,0,0,141990,4 stars
813,0,1,10,99,4,1024,0,4 GB,1,0,162990,3 stars
814,0,1,10,99,4,1024,0,0 GB,1,0,130500,3 stars
815,0,1,10,99,4,1024,0,4 GB,0,0,116990,3 stars
816,0,1,10,99,4,1024,0,6 GB,0,0,138990,3 stars
817,0,1,10,99,4,1024,0,4 GB,1,1,234990,3 stars
818,0,1,10,99,4,1024,0,0 GB,1,0,135990,3 stars
819,0,1,10,99,4,1024,0,0 GB,1,0,144990,3 stars
820,0,1,10,99,4,1024,0,4 GB,1,0,149990,3 stars
821,0,1,10,99,4,1024,0,4 GB,1,0,142990,3 stars
822,1,1,3,10,8,512,0,0 GB,0,0,57490,4 stars
